{
  "provenance": {
    "git_commit": "GIT_UNAVAILABLE",
    "script_sha256": "0bd6b2e4332061dcf13f36e19ad12226429403764de2a60558fd7a87c82b0792",
    "timestamp_utc": "2026-06-06T17:42:45.496738+00:00",
    "include_rfm": true,
    "n_rows": 28340,
    "n_subjects": 109,
    "n_folds": 5
  },
  "h1": {
    "hypothesis": "H1 (Claim C1) \u2014 Sheaf coherence is discriminative",
    "test": "Paired BEST (S-TTSA vs S-rand at S0)",
    "n_subjects": 109,
    "mean_sttsa": 0.7093483479106861,
    "mean_srand": 0.5613810160543581,
    "cohens_d": 5.203263054693098,
    "BF10": 5.5e+76,
    "p_one_sided": 1.4927370987270256e-80,
    "ci_95": [
      0.14272317634175957,
      0.15330489358375818
    ],
    "threshold": 3.0,
    "passed": true,
    "halt_if_fail": true
  },
  "h2": {
    "hypothesis": "H2 (Claim C2) \u2014 Sheaf layer recovers information (vs R8)",
    "test": "Paired one-sided t-test ((R8+S) vs R8 at S0)",
    "n_subjects": 109,
    "mean_r8s": 0.8475896254225199,
    "mean_r8": 0.8471077918467145,
    "cohens_d": 0.031453813214203236,
    "p_one_sided": 0.3716272864940069,
    "BF10": 0.11713761467889908,
    "ci_95": [
      -0.002456637648922196,
      0.0031789612165192475
    ],
    "threshold_d": 0.2,
    "threshold_alpha": 0.05,
    "passed": false
  },
  "h3": {
    "hypothesis": "H3 (Claim C4) \u2014 Sheaf coherence degrades gracefully",
    "test": "rmANOVA: representation x stressor interaction + Holm pairwise",
    "F_interaction": 337.55886827889907,
    "p_interaction": 0.0,
    "pairwise_holm": [
      {
        "stressor": "S0",
        "n": 109,
        "d": -4.498763615197632,
        "p_raw": 1.0,
        "p_holm": 1.0,
        "rejected": false
      },
      {
        "stressor": "S1",
        "n": 109,
        "d": -1.797621846311358,
        "p_raw": 1.0,
        "p_holm": 1.0,
        "rejected": false
      },
      {
        "stressor": "S2",
        "n": 109,
        "d": -1.0987714998981541,
        "p_raw": 1.0,
        "p_holm": 1.0,
        "rejected": false
      },
      {
        "stressor": "S3",
        "n": 109,
        "d": -5.4897849399093195,
        "p_raw": 1.0,
        "p_holm": 1.0,
        "rejected": false
      }
    ],
    "threshold_alpha": 0.05,
    "passed": true
  },
  "h4": {
    "hypothesis": "H4 (\u00a79.5) \u2014 Sheaf adds value over foundation model",
    "test": "Paired one-sided t-test ((R_FM+S) vs R_FM at S0)",
    "n_subjects": 109,
    "mean_rfms": 0.9175246429153336,
    "mean_rfm": 0.8938253156778696,
    "cohens_d": 1.9254255059468235,
    "p_one_sided": 1.3604494832980778e-38,
    "BF10": 1.7892e+35,
    "ci_95": [
      0.021466780401742217,
      0.02617852817581989
    ],
    "threshold_d": 0.2,
    "threshold_alpha": 0.05,
    "passed": true
  },
  "joint_h2_h4": {
    "h2_passed": false,
    "h4_passed": true,
    "verdict": "INCONSISTENT: sheaf loses to R8 but beats R_FM \u2014 investigate before Phase A-2. Possible model artefact in R_FM PCA projection.",
    "action": "investigate_before_a2"
  },
  "h5": {
    "hypothesis": "H5 (\u00a710.4) \u2014 Sheaf adds value over cross-domain JEPA (LeWM)",
    "test": "Paired one-sided t-test ((R8+S) vs R_JEPA at S0)",
    "n_subjects": 109,
    "mean_r8s": 0.8475896254225199,
    "mean_rjepa": 0.8364280295111738,
    "cohens_d": 0.6626076673851204,
    "p_one_sided": 1.6937397077594133e-10,
    "BF10": 37855412.8440367,
    "ci_95": [
      0.008280388323910983,
      0.014101483960684426
    ],
    "threshold_d": 0.2,
    "threshold_alpha": 0.05,
    "passed": true
  },
  "h9": {
    "hypothesis": "H9 (\u00a712.4) \u2014 Sheaf adds value over domain-specific JEPA (Brain-/Signal-JEPA)",
    "test": "Paired one-sided t-test ((R8+S) vs R_JEPA_brain at S0)",
    "n_subjects": 109,
    "mean_r8s": 0.8475896254225199,
    "mean_rjepa_br": 0.860253860452094,
    "cohens_d": -0.7820555198955589,
    "p_one_sided": 0.999999999999675,
    "BF10": 4739082568.80734,
    "ci_95": [
      -0.015721139708537026,
      -0.009638555479848392
    ],
    "threshold_d": 0.2,
    "threshold_alpha": 0.05,
    "passed": false
  },
  "h10": {
    "hypothesis": "H10 (\u00a713.4) \u2014 Cellular cohomology earns value over graph-Laplacian (cohomology-isolation)",
    "test": "Paired one-sided t-test ((R8+S) vs R_GL at S0)",
    "n_subjects": 109,
    "mean_r8s": 0.8475896254225199,
    "mean_rgl": 0.8068028463695744,
    "cohens_d": 2.1752467859042333,
    "p_one_sided": 3.1461138096555326e-43,
    "BF10": 6.71e+39,
    "ci_95": [
      0.03737175860866354,
      0.04402568418058338
    ],
    "threshold_d": 0.2,
    "threshold_alpha": 0.05,
    "passed": true
  }
}