{
  "provenance": {
    "git_commit": "GIT_UNAVAILABLE",
    "script_sha256": "0bd6b2e4332061dcf13f36e19ad12226429403764de2a60558fd7a87c82b0792",
    "timestamp_utc": "2026-06-06T17:42:53.734045+00:00",
    "include_rfm": true,
    "n_rows": 28340,
    "n_subjects": 109,
    "n_folds": 5
  },
  "h1": {
    "hypothesis": "H1 (Claim C1) \u2014 Sheaf coherence is discriminative",
    "test": "Paired BEST (S-TTSA vs S-rand at S0)",
    "n_subjects": 109,
    "mean_sttsa": 0.7195610772506973,
    "mean_srand": 0.5709056408744375,
    "cohens_d": 4.840049419555292,
    "BF10": 3.21e+73,
    "p_one_sided": 2.757917256226851e-77,
    "ci_95": [
      0.14317892446519345,
      0.15447377737061171
    ],
    "threshold": 3.0,
    "passed": true,
    "halt_if_fail": true
  },
  "h2": {
    "hypothesis": "H2 (Claim C2) \u2014 Sheaf layer recovers information (vs R8)",
    "test": "Paired one-sided t-test ((R8+S) vs R8 at S0)",
    "n_subjects": 109,
    "mean_r8s": 0.8860146605787862,
    "mean_r8": 0.854335264806061,
    "cohens_d": 2.0963142748689374,
    "p_one_sided": 8.408477787593122e-42,
    "BF10": 2.5959633027522937e+38,
    "ci_95": [
      0.0288332414034898,
      0.034518595612415506
    ],
    "threshold_d": 0.2,
    "threshold_alpha": 0.05,
    "passed": true
  },
  "h3": {
    "hypothesis": "H3 (Claim C4) \u2014 Sheaf coherence degrades gracefully",
    "test": "rmANOVA: representation x stressor interaction + Holm pairwise",
    "F_interaction": 321.34448647107587,
    "p_interaction": 0.0,
    "pairwise_holm": [
      {
        "stressor": "S0",
        "n": 109,
        "d": -4.516041242654068,
        "p_raw": 1.0,
        "p_holm": 1.0,
        "rejected": false
      },
      {
        "stressor": "S1",
        "n": 109,
        "d": -1.7085501193223438,
        "p_raw": 1.0,
        "p_holm": 1.0,
        "rejected": false
      },
      {
        "stressor": "S2",
        "n": 109,
        "d": -1.1116396467517413,
        "p_raw": 1.0,
        "p_holm": 1.0,
        "rejected": false
      },
      {
        "stressor": "S3",
        "n": 109,
        "d": -5.270582234907217,
        "p_raw": 1.0,
        "p_holm": 1.0,
        "rejected": false
      }
    ],
    "threshold_alpha": 0.05,
    "passed": true
  },
  "h4": {
    "hypothesis": "H4 (\u00a79.5) \u2014 Sheaf adds value over foundation model",
    "test": "Paired one-sided t-test ((R_FM+S) vs R_FM at S0)",
    "n_subjects": 109,
    "mean_rfms": 0.896125154284573,
    "mean_rfm": 0.8973879971783144,
    "cohens_d": -0.11619025618724972,
    "p_one_sided": 0.8861236366698931,
    "BF10": 0.19908256880733946,
    "ci_95": [
      -0.003309064627265245,
      0.0007981637210592811
    ],
    "threshold_d": 0.2,
    "threshold_alpha": 0.05,
    "passed": false
  },
  "joint_h2_h4": {
    "h2_passed": true,
    "h4_passed": false,
    "verdict": "NARROWER: sheaf beats weak (R8) baseline only. Architecture viable but value-claim narrower; consider foundation-model front-end with sheaf as IVE Evidence 1 only.",
    "action": "proceed_narrowed_claim"
  },
  "h5": {
    "hypothesis": "H5 (\u00a710.4) \u2014 Sheaf adds value over cross-domain JEPA (LeWM)",
    "test": "Paired one-sided t-test ((R8+S) vs R_JEPA at S0)",
    "n_subjects": 109,
    "mean_r8s": 0.8860146605787862,
    "mean_rjepa": 0.8424997668382257,
    "cohens_d": 2.5634645258897737,
    "p_one_sided": 8.912944547956898e-50,
    "BF10": 1.965e+46,
    "ci_95": [
      0.040409312806046635,
      0.046901430617647136
    ],
    "threshold_d": 0.2,
    "threshold_alpha": 0.05,
    "passed": true
  },
  "h9": {
    "hypothesis": "H9 (\u00a712.4) \u2014 Sheaf adds value over domain-specific JEPA (Brain-/Signal-JEPA)",
    "test": "Paired one-sided t-test ((R8+S) vs R_JEPA_brain at S0)",
    "n_subjects": 109,
    "mean_r8s": 0.8860146605787862,
    "mean_rjepa_br": 0.8668067149328103,
    "cohens_d": 1.332881443136931,
    "p_one_sided": 3.883657393095582e-26,
    "BF10": 9.208073394495414e+22,
    "ci_95": [
      0.01647313753248296,
      0.021994404308641663
    ],
    "threshold_d": 0.2,
    "threshold_alpha": 0.05,
    "passed": true
  },
  "h10": {
    "hypothesis": "H10 (\u00a713.4) \u2014 Cellular cohomology earns value over graph-Laplacian (cohomology-isolation)",
    "test": "Paired one-sided t-test ((R8+S) vs R_GL at S0)",
    "n_subjects": 109,
    "mean_r8s": 0.8860146605787862,
    "mean_rgl": 0.8127799953219658,
    "cohens_d": 3.29948219747593,
    "p_one_sided": 2.241970434978536e-60,
    "BF10": 5.92e+56,
    "ci_95": [
      0.06952846833482067,
      0.07776003890825978
    ],
    "threshold_d": 0.2,
    "threshold_alpha": 0.05,
    "passed": true
  }
}