{
  "provenance": {
    "git_commit": "GIT_UNAVAILABLE",
    "script_sha256": "0bd6b2e4332061dcf13f36e19ad12226429403764de2a60558fd7a87c82b0792",
    "timestamp_utc": "2026-06-06T17:43:05.783293+00:00",
    "include_rfm": true,
    "n_rows": 28340,
    "n_subjects": 109,
    "n_folds": 5
  },
  "h1": {
    "hypothesis": "H1 (Claim C1) \u2014 Sheaf coherence is discriminative",
    "test": "Paired BEST (S-TTSA vs S-rand at S0)",
    "n_subjects": 109,
    "mean_sttsa": 0.7113014527560569,
    "mean_srand": 0.5730715559738637,
    "cohens_d": 4.419817348626322,
    "BF10": 2.982e+69,
    "p_one_sided": 3.26286667908165e-73,
    "ci_95": [
      0.13289827224320322,
      0.14449693423168303
    ],
    "threshold": 3.0,
    "passed": true,
    "halt_if_fail": true
  },
  "h2": {
    "hypothesis": "H2 (Claim C2) \u2014 Sheaf layer recovers information (vs R8)",
    "test": "Paired one-sided t-test ((R8+S) vs R8 at S0)",
    "n_subjects": 109,
    "mean_r8s": 0.8846133517944392,
    "mean_r8": 0.8487275599928237,
    "cohens_d": 2.291388516920925,
    "p_one_sided": 2.877642229561174e-45,
    "BF10": 6.846605504587156e+41,
    "ci_95": [
      0.03282692699955586,
      0.03861656199794662
    ],
    "threshold_d": 0.2,
    "threshold_alpha": 0.05,
    "passed": true
  },
  "h3": {
    "hypothesis": "H3 (Claim C4) \u2014 Sheaf coherence degrades gracefully",
    "test": "rmANOVA: representation x stressor interaction + Holm pairwise",
    "F_interaction": 327.33943085963995,
    "p_interaction": 0.0,
    "pairwise_holm": [
      {
        "stressor": "S0",
        "n": 109,
        "d": -4.304290577753649,
        "p_raw": 1.0,
        "p_holm": 1.0,
        "rejected": false
      },
      {
        "stressor": "S1",
        "n": 109,
        "d": -1.6907273325714542,
        "p_raw": 1.0,
        "p_holm": 1.0,
        "rejected": false
      },
      {
        "stressor": "S2",
        "n": 109,
        "d": -1.2694683718469464,
        "p_raw": 1.0,
        "p_holm": 1.0,
        "rejected": false
      },
      {
        "stressor": "S3",
        "n": 109,
        "d": -5.473065461869706,
        "p_raw": 1.0,
        "p_holm": 1.0,
        "rejected": false
      }
    ],
    "threshold_alpha": 0.05,
    "passed": true
  },
  "h4": {
    "hypothesis": "H4 (\u00a79.5) \u2014 Sheaf adds value over foundation model",
    "test": "Paired one-sided t-test ((R_FM+S) vs R_FM at S0)",
    "n_subjects": 109,
    "mean_rfms": 0.9200962773079279,
    "mean_rfm": 0.8944894213350449,
    "cohens_d": 2.001957554591668,
    "p_one_sided": 4.741905668693849e-40,
    "BF10": 4.859009174311927e+36,
    "ci_95": [
      0.023199754882074985,
      0.027995419630214517
    ],
    "threshold_d": 0.2,
    "threshold_alpha": 0.05,
    "passed": true
  },
  "joint_h2_h4": {
    "h2_passed": true,
    "h4_passed": true,
    "verdict": "STRONGEST: sheaf adds value over both R8 and R_FM baselines. Proceed with full v5.5 architecture.",
    "action": "proceed_full_architecture"
  },
  "h5": {
    "hypothesis": "H5 (\u00a710.4) \u2014 Sheaf adds value over cross-domain JEPA (LeWM)",
    "test": "Paired one-sided t-test ((R8+S) vs R_JEPA at S0)",
    "n_subjects": 109,
    "mean_r8s": 0.8846133517944392,
    "mean_rjepa": 0.8361385073064969,
    "cohens_d": 3.080824047236629,
    "p_one_sided": 1.921028800761651e-57,
    "BF10": 7.442e+53,
    "ci_95": [
      0.0455931959754994,
      0.0512051352482153
    ],
    "threshold_d": 0.2,
    "threshold_alpha": 0.05,
    "passed": true
  },
  "h9": {
    "hypothesis": "H9 (\u00a712.4) \u2014 Sheaf adds value over domain-specific JEPA (Brain-/Signal-JEPA)",
    "test": "Paired one-sided t-test ((R8+S) vs R_JEPA_brain at S0)",
    "n_subjects": 109,
    "mean_r8s": 0.8846133517944392,
    "mean_rjepa_br": 0.8621355829316651,
    "cohens_d": 1.716796224299811,
    "p_one_sided": 1.9164157073754046e-34,
    "BF10": 1.350064220183486e+31,
    "ci_95": [
      0.019907947274356262,
      0.024856586445477946
    ],
    "threshold_d": 0.2,
    "threshold_alpha": 0.05,
    "passed": true
  },
  "h10": {
    "hypothesis": "H10 (\u00a713.4) \u2014 Cellular cohomology earns value over graph-Laplacian (cohomology-isolation)",
    "test": "Paired one-sided t-test ((R8+S) vs R_GL at S0)",
    "n_subjects": 109,
    "mean_r8s": 0.8846133517944392,
    "mean_rgl": 0.9045410053396201,
    "cohens_d": -1.5398693212433696,
    "p_one_sided": 1.0,
    "BF10": 1.4467889908256881e+26,
    "ci_95": [
      -0.022401921827566094,
      -0.01766422758943018
    ],
    "threshold_d": 0.2,
    "threshold_alpha": 0.05,
    "passed": false
  }
}