{
  "provenance": {
    "git_commit": "GIT_UNAVAILABLE",
    "script_sha256": "0bd6b2e4332061dcf13f36e19ad12226429403764de2a60558fd7a87c82b0792",
    "timestamp_utc": "2026-06-06T17:42:57.716834+00:00",
    "include_rfm": true,
    "n_rows": 28340,
    "n_subjects": 109,
    "n_folds": 5
  },
  "h1": {
    "hypothesis": "H1 (Claim C1) \u2014 Sheaf coherence is discriminative",
    "test": "Paired BEST (S-TTSA vs S-rand at S0)",
    "n_subjects": 109,
    "mean_sttsa": 0.7083830004328938,
    "mean_srand": 0.5633432940764783,
    "cohens_d": 4.500926211554675,
    "BF10": 1.9014e+70,
    "p_one_sided": 5.020683211053234e-74,
    "ci_95": [
      0.1386650072776989,
      0.1508285356575698
    ],
    "threshold": 3.0,
    "passed": true,
    "halt_if_fail": true
  },
  "h2": {
    "hypothesis": "H2 (Claim C2) \u2014 Sheaf layer recovers information (vs R8)",
    "test": "Paired one-sided t-test ((R8+S) vs R8 at S0)",
    "n_subjects": 109,
    "mean_r8s": 0.8824286870019079,
    "mean_r8": 0.8487528382518146,
    "cohens_d": 2.0700412766308447,
    "p_one_sided": 2.554505848325256e-41,
    "BF10": 8.67170642201835e+37,
    "ci_95": [
      0.030727890825467816,
      0.036718294869900824
    ],
    "threshold_d": 0.2,
    "threshold_alpha": 0.05,
    "passed": true
  },
  "h3": {
    "hypothesis": "H3 (Claim C4) \u2014 Sheaf coherence degrades gracefully",
    "test": "rmANOVA: representation x stressor interaction + Holm pairwise",
    "F_interaction": 325.37442439039756,
    "p_interaction": 0.0,
    "pairwise_holm": [
      {
        "stressor": "S0",
        "n": 109,
        "d": -4.192581224366648,
        "p_raw": 1.0,
        "p_holm": 1.0,
        "rejected": false
      },
      {
        "stressor": "S1",
        "n": 109,
        "d": -1.8601517705199289,
        "p_raw": 1.0,
        "p_holm": 1.0,
        "rejected": false
      },
      {
        "stressor": "S2",
        "n": 109,
        "d": -1.1735843555368095,
        "p_raw": 1.0,
        "p_holm": 1.0,
        "rejected": false
      },
      {
        "stressor": "S3",
        "n": 109,
        "d": -5.95480198805903,
        "p_raw": 1.0,
        "p_holm": 1.0,
        "rejected": false
      }
    ],
    "threshold_alpha": 0.05,
    "passed": true
  },
  "h4": {
    "hypothesis": "H4 (\u00a79.5) \u2014 Sheaf adds value over foundation model",
    "test": "Paired one-sided t-test ((R_FM+S) vs R_FM at S0)",
    "n_subjects": 109,
    "mean_rfms": 0.9179178184865732,
    "mean_rfm": 0.893667127279238,
    "cohens_d": 1.8287691061975608,
    "p_one_sided": 1.0558843227133383e-36,
    "BF10": 2.4050458715596332e+33,
    "ci_95": [
      0.0217203628727936,
      0.026716171443628662
    ],
    "threshold_d": 0.2,
    "threshold_alpha": 0.05,
    "passed": true
  },
  "joint_h2_h4": {
    "h2_passed": true,
    "h4_passed": true,
    "verdict": "STRONGEST: sheaf adds value over both R8 and R_FM baselines. Proceed with full v5.5 architecture.",
    "action": "proceed_full_architecture"
  },
  "h5": {
    "hypothesis": "H5 (\u00a710.4) \u2014 Sheaf adds value over cross-domain JEPA (LeWM)",
    "test": "Paired one-sided t-test ((R8+S) vs R_JEPA at S0)",
    "n_subjects": 109,
    "mean_r8s": 0.8824286870019079,
    "mean_rjepa": 0.9031872730893024,
    "cohens_d": -1.7714764087919188,
    "p_one_sided": 1.0,
    "BF10": 8.337614678899082e+30,
    "ci_95": [
      -0.022893296508469923,
      -0.018648081974430068
    ],
    "threshold_d": 0.2,
    "threshold_alpha": 0.05,
    "passed": false
  },
  "h9": {
    "hypothesis": "H9 (\u00a712.4) \u2014 Sheaf adds value over domain-specific JEPA (Brain-/Signal-JEPA)",
    "test": "Paired one-sided t-test ((R8+S) vs R_JEPA_brain at S0)",
    "n_subjects": 109,
    "mean_r8s": 0.8824286870019079,
    "mean_rjepa_br": 0.862578685288302,
    "cohens_d": 1.2947355761149053,
    "p_one_sided": 2.8766261894933137e-25,
    "BF10": 1.2898788990825689e+22,
    "ci_95": [
      0.017205514193968968,
      0.022979391977089543
    ],
    "threshold_d": 0.2,
    "threshold_alpha": 0.05,
    "passed": true
  },
  "h10": {
    "hypothesis": "H10 (\u00a713.4) \u2014 Cellular cohomology earns value over graph-Laplacian (cohomology-isolation)",
    "test": "Paired one-sided t-test ((R8+S) vs R_GL at S0)",
    "n_subjects": 109,
    "mean_r8s": 0.8824286870019079,
    "mean_rgl": 0.8083428812494412,
    "cohens_d": 2.9650031556753085,
    "p_one_sided": 8.063641227061063e-56,
    "BF10": 1.8486e+52,
    "ci_95": [
      0.06965284428936033,
      0.07852928571799084
    ],
    "threshold_d": 0.2,
    "threshold_alpha": 0.05,
    "passed": true
  }
}