{
  "provenance": {
    "git_commit": "GIT_UNAVAILABLE",
    "script_sha256": "0bd6b2e4332061dcf13f36e19ad12226429403764de2a60558fd7a87c82b0792",
    "timestamp_utc": "2026-06-06T17:43:01.793282+00:00",
    "include_rfm": true,
    "n_rows": 28340,
    "n_subjects": 109,
    "n_folds": 5
  },
  "h1": {
    "hypothesis": "H1 (Claim C1) \u2014 Sheaf coherence is discriminative",
    "test": "Paired BEST (S-TTSA vs S-rand at S0)",
    "n_subjects": 109,
    "mean_sttsa": 0.720378782470533,
    "mean_srand": 0.5754224609732171,
    "cohens_d": 4.937000932487602,
    "BF10": 2.46e+74,
    "p_one_sided": 3.523996826110558e-78,
    "ci_95": [
      0.13927207744725095,
      0.15052999435511072
    ],
    "threshold": 3.0,
    "passed": true,
    "halt_if_fail": true
  },
  "h2": {
    "hypothesis": "H2 (Claim C2) \u2014 Sheaf layer recovers information (vs R8)",
    "test": "Paired one-sided t-test ((R8+S) vs R8 at S0)",
    "n_subjects": 109,
    "mean_r8s": 0.888589088215237,
    "mean_r8": 0.8545145289840361,
    "cohens_d": 2.2773269901656055,
    "p_one_sided": 5.036182541598927e-45,
    "BF10": 3.939522935779816e+41,
    "ci_95": [
      0.03142834002169395,
      0.037048537749872164
    ],
    "threshold_d": 0.2,
    "threshold_alpha": 0.05,
    "passed": true
  },
  "h3": {
    "hypothesis": "H3 (Claim C4) \u2014 Sheaf coherence degrades gracefully",
    "test": "rmANOVA: representation x stressor interaction + Holm pairwise",
    "F_interaction": 340.45200709669325,
    "p_interaction": 0.0,
    "pairwise_holm": [
      {
        "stressor": "S0",
        "n": 109,
        "d": -4.0368928759724,
        "p_raw": 1.0,
        "p_holm": 1.0,
        "rejected": false
      },
      {
        "stressor": "S1",
        "n": 109,
        "d": -2.076097806962837,
        "p_raw": 1.0,
        "p_holm": 1.0,
        "rejected": false
      },
      {
        "stressor": "S2",
        "n": 109,
        "d": -1.1889819001288664,
        "p_raw": 1.0,
        "p_holm": 1.0,
        "rejected": false
      },
      {
        "stressor": "S3",
        "n": 109,
        "d": -5.210229608777633,
        "p_raw": 1.0,
        "p_holm": 1.0,
        "rejected": false
      }
    ],
    "threshold_alpha": 0.05,
    "passed": true
  },
  "h4": {
    "hypothesis": "H4 (\u00a79.5) \u2014 Sheaf adds value over foundation model",
    "test": "Paired one-sided t-test ((R_FM+S) vs R_FM at S0)",
    "n_subjects": 109,
    "mean_rfms": 0.9215164267377415,
    "mean_rfm": 0.8963230929593383,
    "cohens_d": 2.09041251722977,
    "p_one_sided": 1.078419061925835e-41,
    "BF10": 2.031192660550459e+38,
    "ci_95": [
      0.022811286702559885,
      0.02746486515715586
    ],
    "threshold_d": 0.2,
    "threshold_alpha": 0.05,
    "passed": true
  },
  "joint_h2_h4": {
    "h2_passed": true,
    "h4_passed": true,
    "verdict": "STRONGEST: sheaf adds value over both R8 and R_FM baselines. Proceed with full v5.5 architecture.",
    "action": "proceed_full_architecture"
  },
  "h5": {
    "hypothesis": "H5 (\u00a710.4) \u2014 Sheaf adds value over cross-domain JEPA (LeWM)",
    "test": "Paired one-sided t-test ((R8+S) vs R_JEPA at S0)",
    "n_subjects": 109,
    "mean_r8s": 0.888589088215237,
    "mean_rjepa": 0.8412052721653448,
    "cohens_d": 2.410891888686837,
    "p_one_sided": 2.716136577046066e-47,
    "BF10": 6.91e+43,
    "ci_95": [
      0.04386631870985771,
      0.05133202921394214
    ],
    "threshold_d": 0.2,
    "threshold_alpha": 0.05,
    "passed": true
  },
  "h9": {
    "hypothesis": "H9 (\u00a712.4) \u2014 Sheaf adds value over domain-specific JEPA (Brain-/Signal-JEPA)",
    "test": "Paired one-sided t-test ((R8+S) vs R_JEPA_brain at S0)",
    "n_subjects": 109,
    "mean_r8s": 0.888589088215237,
    "mean_rjepa_br": 0.9064211043533767,
    "cohens_d": -1.3819686781319402,
    "p_one_sided": 1.0,
    "BF10": 8.852844036697248e+22,
    "ci_95": [
      -0.020174906453656757,
      -0.015487268812152575
    ],
    "threshold_d": 0.2,
    "threshold_alpha": 0.05,
    "passed": false
  },
  "h10": {
    "hypothesis": "H10 (\u00a713.4) \u2014 Cellular cohomology earns value over graph-Laplacian (cohomology-isolation)",
    "test": "Paired one-sided t-test ((R8+S) vs R_GL at S0)",
    "n_subjects": 109,
    "mean_r8s": 0.888589088215237,
    "mean_rgl": 0.8144965327044734,
    "cohens_d": 3.070518407853484,
    "p_one_sided": 2.666423201251006e-57,
    "BF10": 5.382e+53,
    "ci_95": [
      0.06972901232554597,
      0.0786447549310648
    ],
    "threshold_d": 0.2,
    "threshold_alpha": 0.05,
    "passed": true
  }
}